,Name,Email,Gender,City,Country,Math Score,Science Score
0,Joshua Pearson,Ronaldlewis@gmail.com,other,North Scottbury,Montserrat,10.0,22
1,Tommy Cole,Swatson@gmail.com,male,Lake Loganburgh,Equatorial Guinea,4.0,15
2,John Brock,Georgesteven@gmail.com,female,Ericchester,Sierra Leone,2.0,63
3,Steven Byrd,Jessejenkins@gmail.com,other,New Scotthaven,Sao Tome and Principle,57.0,86
4,Jose Anderson,Vmcclain@gmail.com,female,East Miafort,Germany,100.0,75
5,Yusuf Ibrahim,Ibrahimolayinka45@gmail.com,male,Port St Phen,Mexico,50.0,90
6,Yusuf Ajibola,Yusufajibola@gmail.com,male,Nashville,America,6.0,45
7,Soliu Jamiu,Soliujamiu@gmail.com,other,Glasglow,Norway,90.0,30
8,Dada Tofunmi,Dadatofunmi@gmail.com,female,Peckham,Uk,84.0,10
